patient_id,det_n,det_n_high,det_n_large,det_conf_max,det_conf_mean,det_conf_sum,det_area_max,det_area_mean,det_area_sum,det_severity,det_spread,det_nquad,reg_max_n,reg_max_confsum,reg_max_severity,reg_n_active,reg_lr_asym,reg_ud_asym,reg_posterior_frac,reg_entropy
case_001,6.0,4.0,6.0,0.7466530203819275,0.544240415096283,3.2654426097869877,0.0478070937097072,0.0330736711621284,0.1984420269727707,0.6078016757965088,0.2305521219968795,3.0,3.0,1.654719591140747,0.3193876445293426,2.0,0.3333333333333333,0.6666666666666666,0.1666666666666666,1.0114042647073518
case_002,6.0,1.0,6.0,0.4140496551990509,0.275215595960617,1.6512935161590576,0.0614691115915775,0.0319853909313678,0.1919123530387878,0.2790385782718658,0.2525154948234558,3.0,2.0,0.7483249306678772,0.1161034032702446,3.0,0.3333333333333333,0.3333333333333333,0.0,1.0986122886681096
case_003,16.0,11.0,15.0,0.9014800190925598,0.5348454713821411,8.557527542114258,0.0485232472419738,0.0228454619646072,0.3655273914337158,1.230005383491516,0.2170665264129638,4.0,5.0,3.2099099159240723,0.4145455360412597,4.0,0.25,0.0,0.125,1.3547104187179273
case_004,12.0,6.0,11.0,0.8396409749984741,0.4085317850112915,4.902381420135498,0.0479861758649349,0.0267325509339571,0.3207906186580658,0.7872770428657532,0.2344751358032226,4.0,3.0,1.570010542869568,0.3065059185028076,4.0,0.0,0.0,0.1666666666666666,1.3862943611198906
case_005,7.0,4.0,7.0,0.8673658967018127,0.5149530172348022,3.604671001434326,0.056076280772686,0.0299583636224269,0.2097085416316986,0.6501109004020691,0.2389556914567947,4.0,3.0,1.899556398391724,0.3109848499298095,2.0,0.1428571428571428,0.4285714285714285,0.0,1.277034259466139
case_006,6.0,1.0,6.0,0.4201496839523315,0.257670909166336,1.5460253953933716,0.0405569039285182,0.0272727105766534,0.1636362671852111,0.2533243298530578,0.2694099545478821,4.0,2.0,0.6130039095878601,0.111751027405262,2.0,0.0,0.0,0.1666666666666666,1.3296613488547582
case_007,9.0,3.0,9.0,0.9293265342712402,0.3946845233440399,3.5521607398986816,0.0420457050204277,0.0299734510481357,0.2697610557079315,0.6450498700141907,0.2306984513998031,4.0,3.0,1.1100387573242188,0.2106570154428482,4.0,0.1111111111111111,0.1111111111111111,0.0,1.3689223607402192
case_008,15.0,4.0,15.0,0.5999773144721985,0.3092778921127319,4.6391682624816895,0.053152747452259,0.0284693781286478,0.4270406663417816,0.7490737438201904,0.2766916453838348,4.0,6.0,1.824518322944641,0.2921316027641296,4.0,0.0666666666666666,0.4666666666666667,0.2666666666666666,1.270027861116969
case_009,12.0,1.0,11.0,0.4471976161003113,0.2594822347164154,3.1137869358062744,0.0399931520223617,0.0233424175530672,0.2801090180873871,0.4800631105899811,0.2189435809850692,4.0,4.0,1.2578860521316528,0.2058177441358566,4.0,0.0,0.3333333333333333,0.1666666666666666,1.3296613488547582
case_010,10.0,3.0,7.0,0.6338078379631042,0.3292020559310913,3.292020559310913,0.0516539774835109,0.0229738410562276,0.2297384142875671,0.3859811127185821,0.2201838940382003,4.0,4.0,1.6215684413909912,0.1392618715763092,3.0,0.4,0.0,0.1,1.2798542258336676
case_011,12.0,1.0,12.0,0.6574410200119019,0.3067149817943573,3.680579900741577,0.0563025325536727,0.03245485201478,0.3894582390785217,0.6506556272506714,0.2832126021385193,4.0,3.0,1.3340660333633425,0.2561303079128265,4.0,0.0,0.0,0.3333333333333333,1.3862943611198906
case_012,9.0,5.0,8.0,0.8567240238189697,0.5015942454338074,4.514348030090332,0.0527753196656703,0.0289052631705999,0.260147362947464,0.7789698839187622,0.2401780933141708,3.0,4.0,1.7774791717529297,0.3144478797912597,3.0,0.1111111111111111,0.3333333333333333,0.1111111111111111,1.0608569471580214
case_013,11.0,3.0,11.0,0.508506715297699,0.3262702226638794,3.588972568511963,0.0421386621892452,0.0225929450243711,0.248522400856018,0.5084138512611389,0.2624314129352569,4.0,4.0,1.7581278085708618,0.2327981740236282,4.0,0.2727272727272727,0.0909090909090909,0.2727272727272727,1.3421131789144003
case_014,9.0,3.0,9.0,0.8528845310211182,0.4189814031124115,3.770832538604736,0.0563308596611022,0.0254827886819839,0.2293450981378555,0.6412835121154785,0.2359102815389633,4.0,4.0,1.759831428527832,0.3265222311019897,3.0,0.1111111111111111,0.3333333333333333,0.0,1.2730283365896256
case_015,9.0,2.0,9.0,0.5678099989891052,0.3441596627235412,3.0974369049072266,0.0306372344493865,0.0205916259437799,0.1853246390819549,0.4310658872127533,0.2103341817855835,4.0,4.0,1.5523301362991333,0.2072043269872665,3.0,0.1111111111111111,0.3333333333333333,0.0,1.2730283365896256
case_016,8.0,5.0,8.0,0.7269929051399231,0.4547567367553711,3.6380538940429688,0.0546360686421394,0.0273831486701965,0.2190651893615722,0.5966436266899109,0.2390162646770477,4.0,3.0,1.4520490169525146,0.2159487456083297,2.0,0.5,0.0,0.0,1.2554823251787537
case_017,11.0,9.0,11.0,0.7300446629524231,0.4959608912467956,5.455569744110107,0.0421653985977172,0.0223139375448226,0.2454533129930496,0.8320618867874146,0.2266702502965927,4.0,4.0,2.146504640579224,0.2814338803291321,4.0,0.2727272727272727,0.0909090909090909,0.0,1.3421131789144003
case_018,6.0,1.0,6.0,0.6463876366615295,0.3553934097290039,2.1323604583740234,0.0525897033512592,0.03280770778656,0.1968462467193603,0.3768725395202636,0.2327533215284347,4.0,3.0,1.2111077308654783,0.2092792242765426,1.0,0.3333333333333333,0.3333333333333333,0.0,1.242453324894
case_019,17.0,7.0,15.0,0.5754656791687012,0.3400698900222778,5.781188011169434,0.0561550855636596,0.0261724218726158,0.4449311792850494,0.9318904280662536,0.2703290581703186,4.0,5.0,1.9632045030593872,0.3319130539894104,4.0,0.1764705882352941,0.0588235294117647,0.1764705882352941,1.3664254949488692
case_020,16.0,6.0,13.0,0.7543882727622986,0.4042165875434875,6.467465400695801,0.0556238144636154,0.0245013870298862,0.3920221924781799,0.9898181557655334,0.1942745149135589,4.0,6.0,2.514231443405152,0.4247671663761139,4.0,0.0,0.375,0.0625,1.3050963719483404
case_021,13.0,9.0,9.0,0.8837630152702332,0.527948796749115,6.863334655761719,0.0502748750150203,0.0180342271924018,0.2344449460506439,0.883661150932312,0.1624145358800888,4.0,5.0,2.470456123352051,0.3585284054279327,4.0,0.0769230769230769,0.2307692307692307,0.0769230769230769,1.3322449224385329
case_022,11.0,6.0,11.0,0.7992580533027649,0.4426851570606231,4.869536876678467,0.0494017153978347,0.0244178939610719,0.2685968279838562,0.7499805688858032,0.209458515048027,4.0,3.0,1.7049784660339355,0.3334011137485504,4.0,0.0909090909090909,0.0909090909090909,0.0909090909090909,1.3730039128771998
case_023,12.0,6.0,12.0,0.9442662000656128,0.4811751842498779,5.774102210998535,0.0526523850858211,0.0262431260198354,0.314917504787445,0.975649893283844,0.2332807928323745,4.0,4.0,1.7360539436340332,0.3431082367897033,4.0,0.1666666666666666,0.1666666666666666,0.0,1.3579778549873245
case_024,16.0,9.0,16.0,0.9116053581237792,0.463594377040863,7.417510032653809,0.060483805835247,0.0252306386828422,0.4036902189254761,1.15533709526062,0.2179251015186309,4.0,5.0,2.4146616458892822,0.3908372223377228,4.0,0.0,0.125,0.125,1.370502389918909
case_025,9.0,1.0,8.0,0.6305318474769592,0.3079998791217804,2.771998882293701,0.0543861649930477,0.0282625295221805,0.2543627619743347,0.4508348703384399,0.2497135549783706,4.0,3.0,1.2366563081741333,0.2366686165332794,3.0,0.1111111111111111,0.3333333333333333,0.3333333333333333,1.310783678099714
case_026,6.0,4.0,6.0,0.8573889136314392,0.477237194776535,2.863423109054565,0.039141546934843,0.0305603835731744,0.1833623051643371,0.5162535905838013,0.2656528055667877,4.0,2.0,1.1093237400054932,0.2122750580310821,2.0,0.0,0.3333333333333333,0.3333333333333333,1.3296613488547582
case_027,16.0,5.0,12.0,0.7364407181739807,0.3575923442840576,5.721477508544922,0.0659667029976844,0.021978398784995,0.3516543805599212,0.7590749859809875,0.2267030924558639,4.0,6.0,2.306323766708374,0.3233080208301544,4.0,0.25,0.25,0.1875,1.320888343149322
case_028,14.0,5.0,10.0,0.6540510654449463,0.3362915217876434,4.708081245422363,0.0315934047102928,0.0172402579337358,0.2413635998964309,0.5710403919219971,0.2036574482917785,4.0,6.0,2.6489064693450928,0.29903045296669,3.0,0.5714285714285714,0.1428571428571428,0.0714285714285714,1.1973401339967782
case_029,14.0,3.0,14.0,0.7372052669525146,0.3139809072017669,4.395732879638672,0.0541600324213504,0.0241450555622577,0.3380307853221893,0.6680147647857666,0.2483714818954467,4.0,5.0,2.002687931060791,0.2985417544841766,4.0,0.1428571428571428,0.1428571428571428,0.2142857142857142,1.358007318173581
case_030,10.0,2.0,9.0,0.9016420245170592,0.3340685367584228,3.3406853675842285,0.047979149967432,0.0243383813649415,0.2433838099241256,0.555282473564148,0.2554579377174377,4.0,3.0,1.884960889816284,0.3291412591934204,3.0,0.2,0.2,0.1,1.313834033192747
case_031,8.0,3.0,7.0,0.5385807156562805,0.3299894332885742,2.6399154663085938,0.0451548844575881,0.025417985394597,0.2033438831567764,0.410686194896698,0.2429306507110595,4.0,3.0,1.0520200729370115,0.157766506075859,3.0,0.25,0.25,0.0,1.320888343149322
case_032,8.0,4.0,8.0,0.8318900465965271,0.4249006509780884,3.399205207824707,0.0485778823494911,0.0252325385808944,0.2018603086471557,0.5531481504440308,0.2057079970836639,4.0,2.0,1.2915422916412354,0.2630621194839477,4.0,0.0,0.0,0.0,1.3862943611198906
case_033,14.0,5.0,12.0,0.6668749451637268,0.3516284525394439,4.922798156738281,0.0455736704170703,0.0192016009241342,0.2688224017620086,0.6710567474365234,0.3122071623802185,3.0,7.0,2.604661226272583,0.3742384612560272,2.0,0.0,0.8571428571428571,0.2142857142857142,0.8982053397041498
case_034,11.0,3.0,11.0,0.7052969932556152,0.3401911556720733,3.74210262298584,0.0483689084649086,0.0267283990979194,0.2940123975276947,0.6157650351524353,0.2518075406551361,4.0,5.0,1.5000640153884888,0.247998833656311,3.0,0.2727272727272727,0.4545454545454545,0.1818181818181818,1.2406842919533958
case_035,8.0,2.0,8.0,0.9093273878097534,0.407116025686264,3.2569282054901123,0.0453398153185844,0.0294971596449613,0.2359772771596908,0.5774550437927246,0.270368367433548,3.0,3.0,1.2909810543060305,0.2504392564296722,3.0,0.25,0.25,0.25,1.0821955300387671
case_036,7.0,2.0,6.0,0.5763659477233887,0.3236562311649322,2.2655935287475586,0.037497904151678,0.0233746599406003,0.1636226177215576,0.3463205695152282,0.2156906425952911,4.0,2.0,0.9519688487052916,0.1395111382007599,3.0,0.1428571428571428,0.1428571428571428,0.0,1.351783994289646
case_037,8.0,4.0,7.0,0.6639000773429871,0.4120352864265442,3.296282291412353,0.0554663836956024,0.0244630612432956,0.1957044899463653,0.4641591310501098,0.1799314171075821,3.0,4.0,1.915040373802185,0.2124344408512115,2.0,0.75,0.0,0.0,0.9743147528693494
case_038,14.0,6.0,11.0,0.6825551390647888,0.4070675671100616,5.698945999145508,0.0453099831938743,0.0207793321460485,0.2909106612205505,0.7839939594268799,0.2082666754722595,4.0,7.0,2.388031482696533,0.3259420692920685,4.0,0.2857142857142857,0.4285714285714285,0.0714285714285714,1.232643284498737
case_039,12.0,4.0,12.0,0.6767553091049194,0.3544401228427887,4.253281593322754,0.0592959597706794,0.0287602245807647,0.3451226949691772,0.6881119012832642,0.2369052767753601,4.0,4.0,1.2909106016159058,0.2128908187150955,4.0,0.1666666666666666,0.0,0.1666666666666666,1.3579778549873245
case_040,12.0,5.0,10.0,0.8058578372001648,0.3831835687160492,4.598202705383301,0.0478405132889747,0.022308200597763,0.2676984071731567,0.6366124749183655,0.1932545155286789,4.0,4.0,1.7122100591659546,0.2427463233470916,3.0,0.3333333333333333,0.1666666666666666,0.0,1.286057336874379
case_041,11.0,6.0,11.0,0.7740197777748108,0.3969030380249023,4.365933418273926,0.0689683407545089,0.0334619209170341,0.368081122636795,0.7258840799331665,0.290032297372818,4.0,4.0,2.0647623538970947,0.3378828763961792,4.0,0.0909090909090909,0.2727272727272727,0.3636363636363636,1.3421131789144003
case_042,14.0,1.0,12.0,0.8012136816978455,0.2988544106483459,4.183961868286133,0.054837916046381,0.020422151312232,0.2859101295471191,0.5973447561264038,0.2023069411516189,4.0,5.0,1.3518494367599487,0.2023511528968811,3.0,0.1428571428571428,0.4285714285714285,0.0,1.2540419017334492
case_043,13.0,2.0,12.0,0.9006091952323914,0.3306247889995575,4.298122406005859,0.0447248592972755,0.0246364846825599,0.320274293422699,0.6828408241271973,0.2486117333173751,3.0,7.0,2.316879749298096,0.3551436066627502,3.0,0.0769230769230769,0.6923076923076923,0.3076923076923077,0.9839614460010256
case_044,7.0,3.0,5.0,0.5605360269546509,0.3481759428977966,2.437231540679932,0.0440986305475235,0.0206335131078958,0.1444345861673355,0.3500512540340423,0.2063546925783157,3.0,4.0,1.3160265684127808,0.2040931284427642,2.0,0.1428571428571428,0.4285714285714285,0.0,0.9556998911125344
case_045,13.0,3.0,12.0,0.4870968163013458,0.3042962849140167,3.955851793289185,0.0323406048119068,0.0208266302943229,0.2707462012767792,0.5583032369613647,0.2324783205986023,4.0,5.0,1.6412415504455566,0.2161982804536819,4.0,0.0769230769230769,0.3846153846153846,0.1538461538461538,1.3061066090853948
case_046,12.0,5.0,11.0,0.554715096950531,0.3365751206874847,4.038901329040527,0.0452778078615665,0.0233614072203636,0.2803368866443634,0.5796216130256653,0.2270145416259765,4.0,4.0,1.4712965488433838,0.2009680718183517,4.0,0.0,0.1666666666666666,0.0833333333333333,1.3579778549873245
case_047,14.0,5.0,12.0,0.779599130153656,0.3705921471118927,5.188290119171143,0.0531262457370758,0.0224761497229337,0.3146660923957824,0.7446823120117188,0.1981935054063797,4.0,5.0,1.8961024284362795,0.2987404465675354,4.0,0.0,0.4285714285714285,0.0,1.2914167691452023
case_048,10.0,3.0,10.0,0.6712509393692017,0.3582369685173034,3.582369804382324,0.0463306568562984,0.0236905813217163,0.236905813217163,0.5392491817474365,0.2152552753686905,4.0,5.0,1.7257118225097656,0.2784076333045959,2.0,0.2,0.6,0.2,1.1682824501765623
case_049,9.0,3.0,8.0,0.8354135751724243,0.3695714175701141,3.3261427879333496,0.0518748946487903,0.0329060964286327,0.2961548566818237,0.6009560823440552,0.3098176419734955,3.0,4.0,1.910083532333374,0.3413597345352173,2.0,0.1111111111111111,0.7777777777777778,0.5555555555555556,0.9649629230074276
case_050,7.0,0.0,7.0,0.3861957490444183,0.2690205872058868,1.8831440210342407,0.0421901494264602,0.0252378042787313,0.1766646355390548,0.2907848358154297,0.2413324117660522,4.0,2.0,0.712540328502655,0.0938360914587974,3.0,0.1428571428571428,0.1428571428571428,0.0,1.351783994289646
case_051,10.0,4.0,7.0,0.8840442299842834,0.4281933903694153,4.281933784484863,0.054759744554758,0.0185345001518726,0.1853449940681457,0.6551102995872498,0.160353735089302,4.0,4.0,1.931374192237854,0.2816436886787414,4.0,0.2,0.2,0.0,1.3321790402101223
case_052,10.0,3.0,8.0,0.8672929406166077,0.4409781992435455,4.4097819328308105,0.0535206049680709,0.0222146213054656,0.2221462130546569,0.660441517829895,0.1926855146884918,4.0,3.0,1.899333119392395,0.3262682855129242,3.0,0.2,0.2,0.0,1.313834033192747
case_053,4.0,0.0,4.0,0.379507839679718,0.2658461630344391,1.0633846521377563,0.0487061589956283,0.038741610944271,0.1549664437770843,0.2138802409172058,0.2158037573099136,3.0,2.0,0.594575047492981,0.1219500228762626,1.0,0.5,0.5,0.0,1.039720770839918
case_054,11.0,5.0,11.0,0.7130613923072815,0.3554702997207641,3.9101734161376953,0.0659895092248916,0.0321679972112178,0.3538479804992676,0.6905486583709717,0.3048825263977051,4.0,5.0,2.2905149459838867,0.4352639019489288,3.0,0.0909090909090909,0.4545454545454545,0.2727272727272727,1.2406842919533958
case_055,17.0,7.0,14.0,0.9387328624725342,0.4038430750370025,6.865332126617432,0.0474887229502201,0.0196610949933528,0.3342386186122894,0.9795935750007628,0.189605176448822,4.0,7.0,2.943307399749756,0.4243952631950378,4.0,0.1764705882352941,0.2941176470588235,0.1176470588235294,1.3180238017106034
case_056,10.0,5.0,10.0,0.9172802567481996,0.438627541065216,4.386275291442871,0.0444097854197025,0.0240212306380271,0.2402123063802719,0.7072820067405701,0.2364202588796615,4.0,4.0,1.6740373373031616,0.2635644972324371,3.0,0.0,0.4,0.1,1.2798542258336676
case_057,6.0,3.0,5.0,0.6747857332229614,0.4207149446010589,2.524289608001709,0.0413567088544368,0.0267443116754293,0.1604658663272857,0.4101626873016357,0.2264970391988754,4.0,2.0,0.9229714274406432,0.1796649694442749,2.0,0.0,0.0,0.3333333333333333,1.3296613488547582
case_058,8.0,4.0,8.0,0.9297309517860411,0.4379288852214813,3.5034310817718506,0.0499665476381778,0.0298760123550891,0.2390080988407135,0.6544936895370483,0.2243628948926925,4.0,3.0,1.6575111150741575,0.3059695363044739,3.0,0.0,0.25,0.0,1.320888343149322
case_059,6.0,3.0,6.0,0.8015546798706055,0.4314202964305877,2.588521718978882,0.0383177176117897,0.0227711349725723,0.1366268098354339,0.4193617403507232,0.180535227060318,3.0,3.0,1.7135381698608398,0.2959599494934082,2.0,0.0,0.6666666666666666,0.0,1.0114042647073518
case_060,9.0,3.0,9.0,0.8034549355506897,0.3520388901233673,3.1683499813079834,0.0412193089723587,0.028976384550333,0.2607874572277069,0.5615598559379578,0.2845871746540069,3.0,5.0,1.4982506036758425,0.2389533221721649,3.0,0.5555555555555556,0.5555555555555556,0.6666666666666666,0.9950269901795212
case_061,14.0,3.0,13.0,0.5369714498519897,0.3351540863513946,4.69215726852417,0.0527836643159389,0.0251055657863616,0.3514779210090637,0.720242440700531,0.2796065509319305,4.0,5.0,1.6403801441192627,0.2442887872457504,4.0,0.1428571428571428,0.0,0.2857142857142857,1.3337360272028096
case_062,14.0,5.0,13.0,0.6832017302513123,0.3576255440711975,5.006757736206055,0.0546757839620113,0.0222469586879014,0.3114574253559112,0.7306864857673645,0.2187119275331497,4.0,5.0,2.2395730018615723,0.3468888103961944,3.0,0.1428571428571428,0.4285714285714285,0.1428571428571428,1.254041901733449
case_063,11.0,6.0,10.0,0.8188533186912537,0.4238544702529907,4.662399291992188,0.0537588894367218,0.0223752930760383,0.2461282312870025,0.6738853454589844,0.2006062418222427,4.0,5.0,1.828445553779602,0.2716498672962188,2.0,0.0909090909090909,0.6363636363636364,0.0,1.162225544921092
case_064,12.0,8.0,12.0,0.8029729127883911,0.4610167741775512,5.532201290130615,0.0608915276825428,0.0323047749698162,0.3876572847366333,0.9531143307685852,0.2878901362419128,4.0,4.0,1.8241713047027588,0.3546190857887268,4.0,0.1666666666666666,0.0,0.3333333333333333,1.3579778549873245
case_065,10.0,1.0,10.0,0.6499195694923401,0.297266811132431,2.972668170928955,0.061487428843975,0.0374847315251827,0.3748473227024078,0.5482470393180847,0.3040196001529693,4.0,4.0,1.171348214149475,0.225210964679718,3.0,0.4,0.2,0.4,1.2798542258336674
case_066,8.0,7.0,7.0,0.7554330229759216,0.5745570659637451,4.596456527709961,0.0534539856016635,0.0236382968723773,0.1891063749790191,0.699871301651001,0.1697277575731277,3.0,4.0,2.6112818717956543,0.3971602320671081,2.0,0.0,0.75,0.125,0.9743147528693494
case_067,14.0,1.0,14.0,0.4356711804866791,0.2402457892894745,3.363440990447998,0.0677110627293586,0.0382548905909061,0.5355684757232666,0.6633129119873047,0.3452437818050384,4.0,4.0,0.9696067571640016,0.1852584779262542,4.0,0.0,0.1428571428571428,0.6428571428571429,1.376055285260417
case_068,7.0,4.0,7.0,0.8104639053344727,0.4783603250980377,3.348522186279297,0.0435242652893066,0.0250990875065326,0.1756936162710189,0.4983822703361511,0.220899298787117,3.0,4.0,2.190204620361328,0.3429178297519684,2.0,0.4285714285714285,0.7142857142857143,0.4285714285714285,0.9556998911125344
case_069,9.0,2.0,9.0,0.588325560092926,0.3408028781414032,3.067225933074951,0.0580689311027526,0.033850111067295,0.3046509921550751,0.546434760093689,0.2501763105392456,4.0,4.0,1.49431049823761,0.2961288690567016,3.0,0.3333333333333333,0.1111111111111111,0.2222222222222222,1.2730283365896258
case_070,12.0,3.0,12.0,0.6557750701904297,0.3534563779830932,4.241476535797119,0.0592130906879901,0.0296056736260652,0.3552680909633636,0.6801295280456543,0.2520947158336639,4.0,4.0,1.474229335784912,0.2357713729143142,4.0,0.1666666666666666,0.0,0.25,1.3579778549873245
case_071,9.0,2.0,9.0,0.7818396687507629,0.3717069029808044,3.3453621864318848,0.0510072633624076,0.0249487310647964,0.224538579583168,0.5236308574676514,0.2648531198501587,4.0,3.0,1.8134945631027224,0.2944248020648956,3.0,0.1111111111111111,0.1111111111111111,0.2222222222222222,1.310783678099714
case_072,11.0,2.0,11.0,0.6684136986732483,0.2940431237220764,3.2344744205474854,0.0544015392661094,0.0271797906607389,0.2989777028560638,0.5043083429336548,0.2325057238340377,4.0,5.0,1.7461135387420654,0.2530045211315155,4.0,0.2727272727272727,0.2727272727272727,0.0909090909090909,1.2882523050229004
case_073,9.0,3.0,9.0,0.6164063215255737,0.3760230243206024,3.384207248687744,0.06557048112154,0.0377953499555587,0.3401581346988678,0.6527606248855591,0.3153285980224609,4.0,3.0,1.0393118858337402,0.2137645632028579,3.0,0.1111111111111111,0.3333333333333333,0.3333333333333333,1.310783678099714
case_074,9.0,7.0,9.0,0.7873810529708862,0.5426551699638367,4.883896350860596,0.0399467907845974,0.02248090878129,0.2023281753063202,0.7516071796417236,0.2055941373109817,4.0,3.0,2.1931488513946533,0.3291584849357605,3.0,0.1111111111111111,0.3333333333333333,0.0,1.310783678099714
case_075,11.0,2.0,11.0,0.4622458219528198,0.2805328667163849,3.0858614444732666,0.0541669465601444,0.0313587263226509,0.3449459969997406,0.5546836853027344,0.2861820757389068,4.0,5.0,1.4510960578918457,0.2727176249027252,2.0,0.0909090909090909,0.6363636363636364,0.5454545454545454,1.162225544921092
case_076,13.0,6.0,10.0,0.6231292486190796,0.3826263844966888,4.974143028259277,0.0442897975444793,0.0191703494638204,0.2492145448923111,0.6865045428276062,0.1922575831413269,4.0,4.0,1.669867992401123,0.2081379145383834,4.0,0.0769230769230769,0.0769230769230769,0.0,1.377819508039033
case_077,12.0,5.0,12.0,0.8223778009414673,0.4275121986865997,5.130146503448486,0.0479612089693546,0.0248657781630754,0.2983893454074859,0.7690601944923401,0.2461510747671127,4.0,5.0,1.9227607250213623,0.2694568932056427,3.0,0.0,0.1666666666666666,0.1666666666666666,1.236684869140504
case_078,13.0,5.0,13.0,0.8349005579948425,0.3692013323307037,4.799617290496826,0.0497149899601936,0.0274767950177192,0.3571983277797699,0.7747270464897156,0.2211759537458419,4.0,7.0,2.8914060592651367,0.4499428570270538,3.0,0.5384615384615384,0.3846153846153846,0.0,1.1569876443452742
case_079,6.0,3.0,6.0,0.8162642121315002,0.4871577024459839,2.9229462146759038,0.0594032853841781,0.0404882095754146,0.2429292500019073,0.5906945466995239,0.2617013156414032,4.0,2.0,0.9747987985610962,0.2339312881231308,2.0,0.3333333333333333,0.0,0.1666666666666666,1.3296613488547582
case_080,5.0,3.0,5.0,0.8886426687240601,0.551624596118927,2.7581229209899902,0.0470911674201488,0.0274084471166133,0.1370422393083572,0.4907552897930145,0.1989190727472305,3.0,3.0,1.7142083644866943,0.3194282650947571,1.0,0.6,0.6,0.0,0.9502705392332348
case_081,10.0,3.0,9.0,0.5447432398796082,0.2910297513008117,2.9102976322174072,0.0497824326157569,0.0244615338742733,0.2446153461933136,0.4347888231277466,0.2639093101024627,4.0,3.0,1.0134310722351074,0.1549747884273529,4.0,0.0,0.2,0.3,1.3661588475692017
case_082,11.0,4.0,11.0,0.8196085095405579,0.396101176738739,4.357112884521484,0.047169916331768,0.0229553934186697,0.2525093257427215,0.6432022452354431,0.2089836299419403,4.0,5.0,2.0491724014282227,0.2852880954742431,2.0,0.0909090909090909,0.6363636363636364,0.0,1.162225544921092
case_083,6.0,1.0,6.0,0.6611434817314148,0.3709442615509033,2.22566556930542,0.0463872216641902,0.0340485423803329,0.2042912542819976,0.3945865929126739,0.2920834720134735,4.0,2.0,0.9699703454971312,0.1647465676069259,2.0,0.0,0.3333333333333333,0.1666666666666666,1.3296613488547582
case_084,13.0,4.0,13.0,0.936897337436676,0.4040318727493286,5.252414226531982,0.0540777593851089,0.0311904139816761,0.405475378036499,0.9384398460388184,0.3057951331138611,4.0,4.0,1.6187760829925537,0.3085517585277557,4.0,0.0769230769230769,0.0769230769230769,0.4615384615384615,1.377819508039033
case_085,10.0,3.0,9.0,0.823722779750824,0.380056083202362,3.800560712814331,0.0483951717615127,0.0273256264626979,0.2732562720775604,0.6276603937149048,0.2604263722896576,3.0,4.0,1.7413842678070068,0.286733478307724,3.0,0.2,0.6,0.2,1.0549201679861442
case_086,8.0,5.0,8.0,0.6386691331863403,0.3970286548137665,3.176229238510132,0.0393019653856754,0.0279353130608797,0.2234825044870376,0.5391314029693604,0.2672792077064514,4.0,3.0,1.1115237474441528,0.1922754049301147,3.0,0.0,0.25,0.125,1.320888343149322
case_087,11.0,5.0,9.0,0.8912979960441589,0.4404887855052948,4.845376491546631,0.0621615089476108,0.0296822860836982,0.3265051543712616,0.8227852582931519,0.221169427037239,4.0,3.0,1.515985369682312,0.3182267844676971,4.0,0.0909090909090909,0.0909090909090909,0.1818181818181818,1.3730039128771996
case_088,9.0,4.0,9.0,0.630752444267273,0.4058958292007446,3.653062343597412,0.0580747202038764,0.0274342373013496,0.2469081431627273,0.6102675795555115,0.2010151296854019,4.0,3.0,1.2189656496047974,0.1775363236665725,4.0,0.1111111111111111,0.1111111111111111,0.0,1.3689223607402192
case_089,17.0,6.0,17.0,0.6314327716827393,0.3420760035514831,5.815291881561279,0.0637873187661171,0.0262814722955226,0.446785032749176,0.9449425339698792,0.2348344922065735,4.0,7.0,3.0214521884918213,0.4616616070270538,4.0,0.1764705882352941,0.1764705882352941,0.1764705882352941,1.3180238017106034
case_090,6.0,4.0,6.0,0.8427814841270447,0.488586813211441,2.931520938873291,0.0502779334783554,0.02422203309834,0.1453322023153305,0.4993290901184082,0.2182533144950866,3.0,3.0,1.491938591003418,0.2201688289642334,2.0,0.0,0.6666666666666666,0.1666666666666666,1.0114042647073518
case_091,6.0,4.0,6.0,0.6996203660964966,0.5084421038627625,3.050652503967285,0.0349025167524814,0.0276787783950567,0.16607266664505,0.5135471224784851,0.226490318775177,3.0,3.0,1.478972554206848,0.2480228841304779,2.0,0.3333333333333333,0.6666666666666666,0.0,1.0114042647073518
case_092,8.0,5.0,7.0,0.7749457359313965,0.4988811016082763,3.991048812866211,0.0513866692781448,0.0245851967483758,0.1966815739870071,0.6267954111099243,0.1767062097787857,3.0,4.0,1.96489679813385,0.3199492394924164,2.0,0.25,0.75,0.0,0.9743147528693494
case_093,16.0,8.0,13.0,0.8526614904403687,0.4231680333614349,6.770688533782959,0.0490443408489227,0.0219300426542758,0.3508806824684143,0.9940810203552246,0.2677841186523437,4.0,6.0,3.002327680587769,0.3603887856006622,4.0,0.125,0.25,0.125,1.3421257227487469
case_094,5.0,1.0,5.0,0.4102873206138611,0.2739183008670807,1.369591474533081,0.066171184182167,0.0315422043204307,0.1577110290527343,0.2493776381015777,0.2834401726722717,4.0,2.0,0.5500653386116028,0.1055413335561752,1.0,0.2,0.2,0.4,1.3321790402101223
case_095,16.0,2.0,16.0,0.6298322081565857,0.2921061813831329,4.673698902130127,0.0551986545324325,0.0297408401966094,0.4758534431457519,0.773781955242157,0.2958920896053314,4.0,5.0,1.3611451387405396,0.2711493968963623,4.0,0.125,0.125,0.1875,1.370502389918909
case_096,8.0,1.0,8.0,0.4445807933807373,0.2575529515743255,2.0604236125946045,0.0424918606877327,0.026047995314002,0.2083839625120163,0.3261868953704834,0.2716298401355743,4.0,3.0,0.9655305743217468,0.1555922925472259,2.0,0.0,0.5,0.5,1.2554823251787537
case_097,11.0,2.0,11.0,0.6374194622039795,0.289657860994339,3.186236619949341,0.0581728890538215,0.0301689580082893,0.3318585455417633,0.5827965140342712,0.2677026093006134,4.0,3.0,1.0755164623260498,0.2092317342758178,4.0,0.0909090909090909,0.0909090909090909,0.2727272727272727,1.3730039128771998
case_098,11.0,8.0,10.0,0.8635320663452148,0.5324330925941467,5.856764316558838,0.053176537156105,0.021094799041748,0.2320427894592285,0.7588338851928711,0.1794699281454086,4.0,5.0,3.056356191635132,0.3595415353775024,3.0,0.4545454545454545,0.2727272727272727,0.0909090909090909,1.240684291953396
case_099,11.0,5.0,11.0,0.8226547241210938,0.409268856048584,4.501957416534424,0.0582020133733749,0.0315668135881423,0.3472349345684051,0.7856245636940002,0.2847032248973846,4.0,4.0,1.6931633949279783,0.3378283381462097,3.0,0.2727272727272727,0.0909090909090909,0.4545454545454545,1.294545165844896
case_100,8.0,1.0,8.0,0.5705837607383728,0.2849783897399902,2.279827117919922,0.0646730363368988,0.043895173817873,0.351161390542984,0.4790044128894806,0.3016471266746521,4.0,3.0,0.8206065893173218,0.2062997072935104,3.0,0.25,0.25,0.5,1.320888343149322
case_101,17.0,15.0,15.0,0.9331398606300354,0.5996732711791992,10.194445610046388,0.040066085755825,0.0200396478176116,0.3406740128993988,1.4352712631225586,0.2126721143722534,4.0,6.0,3.2042171955108643,0.4310435950756073,4.0,0.0588235294117647,0.2941176470588235,0.1176470588235294,1.339718043494599
case_102,10.0,1.0,10.0,0.4335314929485321,0.2206026315689087,2.206026315689087,0.0580668821930885,0.0314679630100727,0.3146796226501465,0.3908765912055969,0.274079829454422,4.0,4.0,0.9343098402023317,0.1666003614664077,3.0,0.2,0.4,0.3,1.2798542258336674
case_103,7.0,4.0,7.0,0.4575332701206207,0.3704223036766052,2.592956066131592,0.060142021626234,0.0276005864143371,0.1932041049003601,0.409581184387207,0.207042247056961,4.0,3.0,1.1090329885482788,0.1505700051784515,2.0,0.1428571428571428,0.1428571428571428,0.0,1.277034259466139
case_104,8.0,2.0,8.0,0.6801817417144775,0.3380747437477112,2.704597949981689,0.0443143434822559,0.0263885185122489,0.2111081480979919,0.4124085903167724,0.2461057007312774,3.0,3.0,0.960512399673462,0.1543561071157455,3.0,0.25,0.5,0.25,1.0821955300387671
case_105,11.0,6.0,11.0,0.7538889050483704,0.4442593455314636,4.886852741241455,0.0416207462549209,0.0241379328072071,0.2655172646045685,0.7620018124580383,0.2704637944698334,3.0,6.0,2.3939225673675537,0.3531336784362793,3.0,0.0909090909090909,0.6363636363636364,0.3636363636363636,0.9949236325717752
case_106,14.0,4.0,14.0,0.5988357663154602,0.3093240857124328,4.33053731918335,0.0560311265289783,0.0276353247463703,0.386894553899765,0.706896185874939,0.2699256539344787,4.0,5.0,1.5748640298843384,0.2692972421646118,4.0,0.1428571428571428,0.2857142857142857,0.2857142857142857,1.3337360272028098
case_107,16.0,6.0,15.0,0.5913983583450317,0.34509938955307,5.521590232849121,0.0547766871750354,0.0222377944737672,0.3558047115802765,0.7910625338554382,0.1700159758329391,4.0,5.0,1.8737781047821045,0.2877479493618011,4.0,0.25,0.125,0.125,1.3334730391185028
case_108,12.0,4.0,12.0,0.5994489192962646,0.3148485720157623,3.7781829833984375,0.058945432305336,0.0296240355819463,0.3554884195327759,0.6054205298423767,0.2659096419811249,4.0,4.0,1.1022309064865112,0.1975031644105911,4.0,0.1666666666666666,0.1666666666666666,0.1666666666666666,1.3579778549873245
case_109,6.0,2.0,4.0,0.5003219842910767,0.3187120854854584,1.912272572517395,0.035640362650156,0.0191848780959844,0.1151092648506164,0.2496972829103469,0.1923482567071914,3.0,3.0,0.7376713156700134,0.1017981320619583,2.0,0.3333333333333333,0.6666666666666666,0.0,1.0114042647073518
case_110,12.0,3.0,12.0,0.5181887745857239,0.3078161180019378,3.693793535232544,0.0492148213088512,0.0258863177150487,0.3106358051300049,0.6077557802200317,0.2527921497821808,3.0,4.0,1.2543374300003052,0.2270391583442688,3.0,0.3333333333333333,0.3333333333333333,0.4166666666666667,1.0986122886681096
case_111,12.0,5.0,11.0,0.6033132076263428,0.3772312104701996,4.5267744064331055,0.0635786429047584,0.0263954252004623,0.3167451024055481,0.7250397801399231,0.2248915284872055,4.0,4.0,1.3561513423919678,0.2615989148616791,4.0,0.1666666666666666,0.1666666666666666,0.0833333333333333,1.3579778549873245
case_112,6.0,1.0,6.0,0.7290677428245544,0.334163635969162,2.004981756210327,0.0561079308390617,0.031842540949583,0.1910552382469177,0.3461298048496246,0.2866146266460418,4.0,2.0,0.9931647777557372,0.1789190173149109,2.0,0.0,0.0,0.5,1.3296613488547582
case_113,6.0,2.0,6.0,0.6105849742889404,0.3379764854907989,2.0278589725494385,0.0566875860095024,0.0334529429674148,0.2007176578044891,0.3618956208229065,0.2751136720180511,4.0,2.0,0.6105849742889404,0.1172465160489082,2.0,0.3333333333333333,0.0,0.3333333333333333,1.3296613488547582
case_114,6.0,2.0,6.0,0.605216383934021,0.3382443189620971,2.029465913772583,0.0572835654020309,0.0347346253693103,0.2084077596664428,0.3960008919239044,0.1768159866333007,2.0,3.0,1.1279383897781372,0.2237123996019363,2.0,0.0,1.0,0.0,0.6931471805599453
case_115,9.0,6.0,9.0,0.5239120125770569,0.3829675316810608,3.4467077255249023,0.0557906925678253,0.0283260215073823,0.2549341917037964,0.5880547165870667,0.2655249238014221,3.0,4.0,1.8940560817718504,0.3330748081207275,3.0,0.1111111111111111,0.5555555555555556,0.3333333333333333,1.0608569471580214
case_116,9.0,5.0,9.0,0.7796452641487122,0.4214659929275512,3.793194055557251,0.0365993380546569,0.0204906202852726,0.184415578842163,0.5678552985191345,0.1740054339170456,3.0,4.0,1.6168057918548584,0.2513916492462158,3.0,0.5555555555555556,0.3333333333333333,0.0,1.0608569471580214
case_117,5.0,2.0,5.0,0.545335590839386,0.361228883266449,1.8061444759368896,0.038489744067192,0.0232095476239919,0.1160477399826049,0.2824005484580993,0.1981082260608673,3.0,2.0,0.6915379762649536,0.1218175813555717,2.0,0.6,0.2,0.0,1.0549201679861442
case_118,11.0,3.0,11.0,0.4404086470603943,0.3052041232585907,3.357245445251465,0.0490237846970558,0.0233221929520368,0.2565441131591797,0.4995753765106201,0.2486411482095718,4.0,4.0,1.293175458908081,0.1828002631664276,4.0,0.2727272727272727,0.0909090909090909,0.2727272727272727,1.3421131789144003
case_119,6.0,5.0,6.0,0.8549175262451172,0.6230629682540894,3.738377809524536,0.0516071766614913,0.0296467635780572,0.177880585193634,0.6288564801216125,0.219605877995491,3.0,3.0,1.8593525886535645,0.3175117969512939,2.0,0.3333333333333333,0.6666666666666666,0.1666666666666666,1.0114042647073518
case_120,17.0,8.0,17.0,0.773027241230011,0.3788235187530517,6.439999580383301,0.0720281824469566,0.0305436886847019,0.5192427039146423,1.1426951885223389,0.3004375398159027,4.0,6.0,2.6037023067474365,0.4604442119598388,4.0,0.0588235294117647,0.2941176470588235,0.4117647058823529,1.339718043494599
case_121,14.0,10.0,11.0,0.9786517024040222,0.55426025390625,7.7596435546875,0.0555414222180843,0.0209871474653482,0.2938200533390045,1.169927000999451,0.1955524533987045,4.0,5.0,3.463997364044189,0.5230960845947266,3.0,0.1428571428571428,0.1428571428571428,0.0714285714285714,1.254041901733449
case_122,10.0,6.0,10.0,0.8626769781112671,0.4545132219791412,4.545132160186768,0.0555785000324249,0.0307679418474435,0.3076794147491455,0.8063158392906189,0.2726675868034363,4.0,4.0,1.715121507644653,0.3333504199981689,3.0,0.0,0.4,0.4,1.2798542258336676
case_123,9.0,2.0,8.0,0.8498088121414185,0.3825107216835022,3.442596435546875,0.0505224242806434,0.0268882513046264,0.2419942617416381,0.5919889807701111,0.2462944835424423,4.0,4.0,1.452464580535889,0.2647924721240997,3.0,0.1111111111111111,0.3333333333333333,0.1111111111111111,1.2730283365896256
case_124,10.0,5.0,9.0,0.9331687092781068,0.4629824161529541,4.629824161529541,0.0402819775044918,0.0248328261077404,0.2483282685279846,0.7397416830062866,0.2322247326374054,4.0,4.0,1.6568069458007812,0.2184282690286636,4.0,0.2,0.2,0.2,1.3321790402101223
case_125,12.0,4.0,11.0,0.6727257370948792,0.3496367931365967,4.19564151763916,0.0599702037870883,0.0260838642716407,0.3130063712596893,0.6467908024787903,0.2861031293869018,4.0,4.0,1.5986204147338867,0.2469567656517028,4.0,0.1666666666666666,0.0,0.3333333333333333,1.3579778549873245
case_126,10.0,3.0,10.0,0.731349527835846,0.3752965331077575,3.752965450286865,0.0641650184988975,0.0345720313489437,0.3457203209400177,0.6452916264533997,0.292908638715744,4.0,3.0,1.4848655462265017,0.1658063679933548,3.0,0.2,0.2,0.5,1.313834033192747
case_127,12.0,6.0,12.0,0.7990148663520813,0.4669751822948456,5.603702068328857,0.0367610491812229,0.0255995616316795,0.3071947395801544,0.8988129496574402,0.2583166062831878,4.0,6.0,2.757509469985962,0.4432405233383178,4.0,0.3333333333333333,0.3333333333333333,0.25,1.242453324894
case_128,9.0,2.0,9.0,0.8954153060913086,0.3744133710861206,3.369720458984375,0.0533481575548648,0.0306444428861141,0.2757999897003174,0.6370416283607483,0.2537148296833038,4.0,3.0,1.3507468700408936,0.2654253542423248,3.0,0.3333333333333333,0.1111111111111111,0.0,1.310783678099714
case_129,14.0,3.0,13.0,0.7320040464401245,0.3032159507274627,4.245023250579834,0.0525620505213737,0.0252860486507415,0.3540046811103821,0.608634352684021,0.2695867717266083,4.0,8.0,2.7087221145629883,0.3384429216384887,3.0,0.2857142857142857,0.5714285714285714,0.4285714285714285,1.1163670752893369
case_130,20.0,9.0,20.0,0.6770594120025635,0.4053719639778137,8.107439041137695,0.0631430745124816,0.0291931871324777,0.5838637351989746,1.3522518873214722,0.2679091989994049,4.0,9.0,3.590972900390625,0.5816538333892822,4.0,0.2,0.4,0.25,1.275038049043734
case_131,9.0,3.0,8.0,0.779207170009613,0.3293960690498352,2.964564561843872,0.0353715531527996,0.0240773670375347,0.2166963070631027,0.4385806024074554,0.2280406206846237,3.0,4.0,1.7456635236740112,0.2469329982995987,3.0,0.1111111111111111,0.5555555555555556,0.3333333333333333,1.0608569471580214
case_132,14.0,6.0,14.0,0.826304018497467,0.4249444007873535,5.949221611022949,0.053301990032196,0.0296325795352458,0.4148561060428619,1.0061129331588743,0.2925659120082855,4.0,4.0,1.803789496421814,0.3709031343460083,4.0,0.0,0.0,0.4285714285714285,1.376055285260417
case_133,8.0,3.0,6.0,0.5589656233787537,0.3572741746902466,2.8581933975219727,0.0338375009596347,0.0183349251747131,0.146679401397705,0.3956628739833832,0.1799760907888412,2.0,4.0,1.508042335510254,0.1992079317569732,2.0,0.0,1.0,0.0,0.6931471805599453
case_134,12.0,3.0,12.0,0.6798059344291687,0.3542393743991852,4.250872611999512,0.0478157773613929,0.0227280538529157,0.2727366387844085,0.6370192170143127,0.2535734176635742,4.0,4.0,1.6967377662658691,0.2624129354953766,4.0,0.3333333333333333,0.0,0.4166666666666667,1.3296613488547582
case_135,12.0,5.0,12.0,0.7674757838249207,0.3810546100139618,4.572655200958252,0.0522164590656757,0.0266599357128143,0.319919228553772,0.7752670049667358,0.2487596571445465,4.0,4.0,1.56715190410614,0.2822397947311401,3.0,0.1666666666666666,0.3333333333333333,0.25,1.286057336874379
case_136,9.0,1.0,9.0,0.421032965183258,0.2682597041130066,2.414337396621704,0.0405185408890247,0.0262121427804231,0.2359092831611633,0.3864476382732391,0.2387398332357406,4.0,4.0,0.9167867302894592,0.1385449171066284,3.0,0.3333333333333333,0.3333333333333333,0.2222222222222222,1.2730283365896256
case_137,12.0,8.0,12.0,0.8105589151382446,0.479890912771225,5.75869083404541,0.0412687174975872,0.0222864132374525,0.2674369513988495,0.8494848012924194,0.2204378098249435,4.0,4.0,2.193258762359619,0.2760274708271026,4.0,0.0,0.1666666666666666,0.25,1.3579778549873245
case_138,11.0,5.0,10.0,0.742387592792511,0.4065387845039367,4.471926689147949,0.0339035056531429,0.0183125976473093,0.2014385759830474,0.5942090153694153,0.2219530344009399,2.0,7.0,3.347450494766236,0.4513074159622192,2.0,0.2727272727272727,1.0,0.2727272727272727,0.6554817739013927
case_139,8.0,4.0,8.0,0.893282413482666,0.5108017921447754,4.086414337158203,0.0511260516941547,0.0258280802518129,0.2066246420145034,0.696671724319458,0.1900684982538223,3.0,3.0,1.895357608795166,0.3097015619277954,3.0,0.25,0.5,0.0,1.0821955300387671
case_140,11.0,3.0,10.0,0.6747909188270569,0.3370067477226257,3.7070741653442383,0.0519931465387344,0.0265179295092821,0.291697233915329,0.6032444834709167,0.2832326292991638,4.0,3.0,1.1643610000610352,0.2157914787530899,4.0,0.0909090909090909,0.0909090909090909,0.0909090909090909,1.3730039128771996
case_141,12.0,2.0,10.0,0.5026668906211853,0.2867394983768463,3.4408740997314453,0.037131268531084,0.0198759417980909,0.2385113090276718,0.4677917063236236,0.2045974880456924,4.0,5.0,1.1334847211837769,0.179700881242752,4.0,0.1666666666666666,0.3333333333333333,0.0833333333333333,1.308605387253449
case_142,12.0,4.0,12.0,0.7538926601409912,0.3560227453708648,4.272273063659668,0.0702309310436248,0.0336745791137218,0.4040949642658233,0.7812083959579468,0.27542844414711,4.0,4.0,1.2406349182128906,0.2909291684627533,4.0,0.1666666666666666,0.1666666666666666,0.3333333333333333,1.3579778549873245
case_143,5.0,2.0,5.0,0.7349708080291748,0.3583815395832062,1.7919076681137085,0.0383037514984607,0.0287140365689992,0.1435701847076416,0.2922514975070953,0.2349303662776947,3.0,2.0,0.9107505679130554,0.1438737213611602,2.0,0.2,0.6,0.2,1.0549201679861442
case_144,12.0,5.0,12.0,0.6455692648887634,0.3553538024425506,4.264245510101318,0.0472373776137828,0.0273488517850637,0.3281862139701843,0.7059264779090881,0.2908387780189514,4.0,5.0,1.9352656602859497,0.3228585422039032,4.0,0.3333333333333333,0.1666666666666666,0.5,1.308605387253449
case_145,10.0,4.0,10.0,0.8935685753822327,0.3858621716499328,3.858621597290039,0.0477465875446796,0.0292124487459659,0.292124480009079,0.6580694913864136,0.2193186432123184,4.0,4.0,1.3091561794281006,0.1952536106109619,3.0,0.2,0.4,0.2,1.2798542258336674
case_146,8.0,5.0,8.0,0.9332886338233948,0.5490068197250366,4.392054557800293,0.0433285497128963,0.0325852148234844,0.2606817185878753,0.7636423707008362,0.2184120565652847,3.0,5.0,2.2907209396362305,0.3979108929634094,2.0,0.5,0.75,0.125,0.9002560512685369
case_147,12.0,4.0,12.0,0.7094138264656067,0.3139152824878692,3.7669832706451416,0.0640208199620246,0.0306835081428289,0.3682020902633667,0.6691048741340637,0.2752582430839538,4.0,4.0,1.660316824913025,0.3328215777873993,4.0,0.1666666666666666,0.1666666666666666,0.3333333333333333,1.3579778549873245
case_148,10.0,6.0,10.0,0.7807531952857971,0.4883480072021484,4.883480072021484,0.0627741143107414,0.032088067382574,0.3208806812763214,0.8682594895362854,0.2237844616174698,4.0,4.0,2.306652545928955,0.4246904850006103,3.0,0.2,0.4,0.1,1.2798542258336676
case_149,11.0,2.0,11.0,0.7508831024169922,0.2996651828289032,3.2963168621063232,0.0738918110728263,0.033002033829689,0.3630223572254181,0.5840426683425903,0.2875438630580902,4.0,4.0,1.7959822416305542,0.2970009446144104,3.0,0.0909090909090909,0.4545454545454545,0.1818181818181818,1.2636544318820964
case_150,13.0,7.0,12.0,0.7466446757316589,0.412069171667099,5.356899261474609,0.041053794324398,0.0191962793469429,0.2495516389608383,0.7108708620071411,0.2189231663942337,4.0,5.0,2.1960866451263428,0.2510703504085541,4.0,0.2307692307692307,0.2307692307692307,0.0769230769230769,1.3322449224385329
case_151,7.0,3.0,7.0,0.814566433429718,0.3965396881103515,2.775777816772461,0.0433294512331485,0.0271988194435834,0.1903917342424392,0.4441142678260803,0.2427112758159637,4.0,3.0,1.1202683448791504,0.17720927298069,2.0,0.1428571428571428,0.4285714285714285,0.0,1.277034259466139
case_152,12.0,7.0,12.0,0.8235625624656677,0.4304369390010834,5.165243148803711,0.056857407093048,0.0325484275817871,0.3905811309814453,0.8790602684020996,0.2772845923900604,4.0,4.0,1.8625271320343015,0.3364090323448181,3.0,0.1666666666666666,0.1666666666666666,0.4166666666666667,1.286057336874379
case_153,6.0,3.0,6.0,0.5290195941925049,0.3945737183094024,2.36744236946106,0.0575767941772937,0.0285322722047567,0.1711936295032501,0.3725576102733612,0.2288289219141006,3.0,3.0,1.053089261054993,0.1837203204631805,2.0,0.0,0.6666666666666666,0.0,1.0114042647073518
case_154,11.0,6.0,10.0,0.885300874710083,0.4622944891452789,5.085239410400391,0.0340785533189773,0.0159014165401458,0.1749155819416046,0.6627179384231567,0.18421071767807,3.0,6.0,2.516407012939453,0.3047385811805725,3.0,0.0909090909090909,0.6363636363636364,0.0,0.9949236325717752
case_155,7.0,4.0,6.0,0.7631170749664307,0.4914605319499969,3.440223693847656,0.05467364564538,0.0261118169873952,0.1827827244997024,0.5652347207069397,0.2342000603675842,3.0,3.0,1.326923131942749,0.2197171747684478,3.0,0.4285714285714285,0.4285714285714285,0.0,1.078992207877583
case_156,9.0,5.0,6.0,0.6808189153671265,0.4359776377677917,3.9237987995147705,0.021284544840455,0.0125879561528563,0.1132916063070297,0.4265394806861877,0.1326019465923309,2.0,6.0,2.9387683868408203,0.2983574867248535,2.0,0.3333333333333333,1.0,0.0,0.6365141682948128
case_157,10.0,4.0,10.0,0.8540685176849365,0.4161376953125,4.161376953125,0.0620847791433334,0.0323835462331771,0.3238354623317718,0.7589194774627686,0.2617664337158203,4.0,4.0,2.0425291061401367,0.4235605597496032,3.0,0.4,0.2,0.3,1.2798542258336674
case_158,12.0,7.0,11.0,0.7738205194473267,0.4558935463428497,5.470722675323486,0.0499054566025733,0.0232827588915824,0.2793931066989898,0.7843998670578003,0.2458170801401138,4.0,5.0,2.6845176219940186,0.3838917911052704,3.0,0.1666666666666666,0.5,0.25,1.236684869140504
case_159,13.0,4.0,13.0,0.7907705903053284,0.3933808207511902,5.113950729370117,0.0456192456185817,0.0278820283710956,0.3624663650989532,0.847112238407135,0.2656268179416656,4.0,4.0,2.128134727478028,0.3730269074440002,4.0,0.0769230769230769,0.0769230769230769,0.3846153846153846,1.377819508039033
case_160,9.0,2.0,7.0,0.6491396427154541,0.3503734767436981,3.153361320495605,0.0454186163842678,0.0221537053585052,0.1993833482265472,0.4318995773792267,0.2202779054641723,3.0,4.0,1.714551329612732,0.2582949995994568,3.0,0.1111111111111111,0.3333333333333333,0.1111111111111111,1.0608569471580214
case_161,11.0,5.0,11.0,0.758727490901947,0.4256491959095001,4.682141304016113,0.0556196942925453,0.0241374671459198,0.2655121386051178,0.7161334753036499,0.221193715929985,4.0,3.0,1.809542179107666,0.3024934530258178,4.0,0.0909090909090909,0.0909090909090909,0.0909090909090909,1.3730039128771998
case_162,8.0,5.0,8.0,0.8977150917053223,0.565317690372467,4.522541522979736,0.0466901138424873,0.0261863470077514,0.2094907760620117,0.7494006156921387,0.2439599186182022,4.0,2.0,1.7125502824783323,0.3042109608650207,4.0,0.0,0.0,0.0,1.3862943611198906
case_163,12.0,2.0,12.0,0.6844589114189148,0.3479128777980804,4.174954414367676,0.0530966445803642,0.0270166546106338,0.3241998553276062,0.6679559350013733,0.2431119829416275,4.0,4.0,1.3471715450286863,0.234221264719963,4.0,0.1666666666666666,0.1666666666666666,0.1666666666666666,1.3579778549873245
case_164,16.0,10.0,15.0,0.9170833230018616,0.5080281496047974,8.128450393676758,0.0466463416814804,0.0213837884366512,0.3421406149864197,1.1580617427825928,0.1947307288646698,4.0,5.0,2.445610523223877,0.3791487216949463,4.0,0.0,0.125,0.0,1.370502389918909
case_165,9.0,3.0,9.0,0.5085346698760986,0.3449262380599975,3.104336261749268,0.0559636503458023,0.0340158864855766,0.3061429858207702,0.5653669238090515,0.3059523999691009,4.0,3.0,1.1869184970855713,0.2168765217065811,4.0,0.1111111111111111,0.1111111111111111,0.4444444444444444,1.3689223607402194
case_166,8.0,4.0,8.0,0.7398905158042908,0.4385053515434265,3.508042812347412,0.0433958210051059,0.0271771065890789,0.2174168527126312,0.5580844879150391,0.2453513294458389,4.0,3.0,1.510685682296753,0.2265937030315399,2.0,0.0,0.5,0.125,1.2554823251787537
case_167,10.0,3.0,9.0,0.7582598924636841,0.3490089178085327,3.490089178085327,0.0615650415420532,0.030328169465065,0.30328169465065,0.5930297374725342,0.2651732861995697,4.0,5.0,1.596772074699402,0.2280056774616241,3.0,0.2,0.4,0.3,1.2206072645530175
case_168,12.0,4.0,10.0,0.8036941885948181,0.3634158372879028,4.360990047454834,0.0603228770196437,0.028189331293106,0.3382719755172729,0.7086014151573181,0.2615985572338104,4.0,4.0,1.8721731901168823,0.2964522242546081,4.0,0.1666666666666666,0.1666666666666666,0.3333333333333333,1.3579778549873245
case_169,18.0,7.0,18.0,0.8304950594902039,0.4030190706253052,7.254343032836914,0.0624965578317642,0.0306540802121162,0.5517734289169312,1.25503671169281,0.3043441474437713,4.0,6.0,2.34930419921875,0.4281796216964721,4.0,0.1111111111111111,0.0,0.3333333333333333,1.3548850530060133
case_170,13.0,6.0,13.0,0.8366215229034424,0.3964887261390686,5.154353618621826,0.0558628104627132,0.0282620061188936,0.3674060702323913,0.8582753539085388,0.2768028974533081,4.0,5.0,2.07663893699646,0.3377788960933685,4.0,0.0769230769230769,0.3846153846153846,0.3076923076923077,1.3061066090853948
case_171,7.0,4.0,7.0,0.6827410459518433,0.4592414200305938,3.2146899700164795,0.0604556649923324,0.0262677818536758,0.1838744729757309,0.5145237445831299,0.1805184185504913,4.0,2.0,0.9724575877189636,0.1879933625459671,3.0,0.1428571428571428,0.1428571428571428,0.1428571428571428,1.351783994289646
case_172,15.0,6.0,15.0,0.7904268503189087,0.4145846366882324,6.218769550323486,0.0414826050400733,0.0265545658767223,0.3983184993267059,0.988776683807373,0.2375347763299942,4.0,5.0,1.9983335733413696,0.3081299066543579,4.0,0.0666666666666666,0.3333333333333333,0.1333333333333333,1.3229495110045284
case_173,11.0,4.0,10.0,0.8196243643760681,0.409475713968277,4.504232883453369,0.0603906735777854,0.0231340639293193,0.2544746994972229,0.6658702492713928,0.2700612843036651,4.0,3.0,1.5695645809173584,0.2586948871612549,4.0,0.0909090909090909,0.0909090909090909,0.3636363636363636,1.3730039128771998
case_174,6.0,3.0,6.0,0.7097267508506775,0.393995076417923,2.3639705181121826,0.0386317744851112,0.0256563331931829,0.1539379954338073,0.3734389841556549,0.2544396221637726,4.0,2.0,0.8688122034072876,0.1287296712398529,2.0,0.0,0.0,0.3333333333333333,1.3296613488547582
case_175,8.0,2.0,8.0,0.531924843788147,0.3169749677181244,2.535799741744995,0.0329027958214283,0.0235023498535156,0.188018798828125,0.3802509605884552,0.2451952844858169,3.0,4.0,1.3542557954788208,0.2006898522377014,3.0,0.5,0.5,0.5,1.039720770839918
case_176,8.0,4.0,8.0,0.684592068195343,0.4078846275806427,3.2630770206451416,0.0591576173901557,0.027821971103549,0.222575768828392,0.5206626653671265,0.2433550804853439,4.0,5.0,1.9887114763259888,0.3201179504394531,1.0,0.5,0.5,0.375,1.0735428464085233
case_177,11.0,5.0,11.0,0.6752029657363892,0.3646324276924133,4.010956764221191,0.0605181157588958,0.0327136218547821,0.3598498404026031,0.685509204864502,0.2922929227352142,4.0,5.0,1.8444379568099976,0.2850942015647888,3.0,0.2727272727272727,0.4545454545454545,0.3636363636363636,1.2406842919533958
case_178,9.0,4.0,9.0,0.741546094417572,0.3733747899532318,3.360373020172119,0.0565845631062984,0.0336817167699337,0.3031354546546936,0.5845007300376892,0.2986908853054046,4.0,3.0,1.4384465217590332,0.2612779140472412,3.0,0.1111111111111111,0.3333333333333333,0.4444444444444444,1.310783678099714
case_179,15.0,7.0,15.0,0.8254490494728088,0.3745375871658325,5.618063926696777,0.0663844868540763,0.0325049050152301,0.4875735938549042,0.9776580333709716,0.3224678933620453,4.0,5.0,2.387974739074707,0.3713219165802002,4.0,0.2,0.0666666666666666,0.5333333333333333,1.3624474851916286
case_180,9.0,4.0,9.0,0.8956669569015503,0.4603013396263122,4.142712116241455,0.0422376804053783,0.0245650596916675,0.2210855334997177,0.6721842288970947,0.2632011473178863,4.0,3.0,1.6799232959747314,0.2820925712585449,3.0,0.1111111111111111,0.1111111111111111,0.1111111111111111,1.310783678099714
case_181,11.0,2.0,11.0,0.6572329998016357,0.3270426988601684,3.5974698066711426,0.0598089098930358,0.0290484651923179,0.319533109664917,0.5725797414779663,0.2785585820674896,4.0,3.0,1.3791882991790771,0.2259797900915146,4.0,0.0909090909090909,0.0909090909090909,0.3636363636363636,1.3730039128771998
case_182,16.0,10.0,16.0,0.7741311192512512,0.4598651230335235,7.357841968536377,0.0606146715581417,0.0265707075595855,0.4251313209533691,1.1407644748687744,0.2642699778079986,4.0,4.0,1.9559956789016724,0.3291448652744293,4.0,0.0,0.0,0.3125,1.3862943611198906
case_183,12.0,4.0,12.0,0.7481668591499329,0.3712100982666015,4.454521179199219,0.0515664629638195,0.0292872097343206,0.3514465093612671,0.7287275791168213,0.3045978546142578,4.0,4.0,1.2460854053497314,0.2086301445960998,4.0,0.1666666666666666,0.0,0.5833333333333334,1.3579778549873245
case_184,11.0,7.0,11.0,0.7593069672584534,0.4556247591972351,5.011872291564941,0.0703989937901496,0.0380408093333244,0.4184488952159881,0.9489163756370544,0.2904768288135528,4.0,3.0,1.7598694562911987,0.3479059636592865,4.0,0.0909090909090909,0.0909090909090909,0.2727272727272727,1.3730039128771998
case_185,9.0,2.0,9.0,0.6397923231124878,0.3364705145359039,3.0282347202301025,0.0528533905744552,0.0304738674312829,0.2742648124694824,0.5184031128883362,0.2574853897094726,4.0,3.0,1.182816982269287,0.2094027698040008,3.0,0.1111111111111111,0.3333333333333333,0.3333333333333333,1.310783678099714
case_186,8.0,5.0,8.0,0.6376418471336365,0.414081871509552,3.312654972076416,0.0473270267248153,0.0283615142107009,0.2268921136856079,0.5914434194564819,0.2342060506343841,4.0,4.0,1.485343098640442,0.2686058282852173,2.0,0.25,0.5,0.0,1.2130075659799042
case_187,12.0,5.0,12.0,0.5071905851364136,0.340721845626831,4.088662147521973,0.0639853030443191,0.0385436378419399,0.4625236690044403,0.8297112584114075,0.3016274869441986,4.0,4.0,1.2039105892181396,0.2223056256771087,4.0,0.0,0.3333333333333333,0.3333333333333333,1.3296613488547582
case_188,7.0,2.0,7.0,0.447394996881485,0.2552732229232788,1.7869125604629517,0.0593159459531307,0.0334544815123081,0.2341813594102859,0.3230159878730774,0.2464868575334549,3.0,3.0,0.6407760977745056,0.1368536353111267,3.0,0.4285714285714285,0.1428571428571428,0.2857142857142857,1.078992207877583
case_189,9.0,2.0,7.0,0.5557854771614075,0.3014357388019562,2.712921619415283,0.0399309806525707,0.0200796499848365,0.1807168424129486,0.3546429276466369,0.2043712735176086,2.0,6.0,1.7883737087249756,0.2386807650327682,2.0,0.3333333333333333,1.0,0.2222222222222222,0.6365141682948128
case_190,8.0,2.0,8.0,0.515526533126831,0.3083924651145935,2.467139720916748,0.0431932993233203,0.0310207940638065,0.2481663525104522,0.4309686124324798,0.2912426888942718,4.0,3.0,0.9681553840637208,0.1740538030862808,3.0,0.0,0.25,0.5,1.320888343149322
case_191,10.0,8.0,10.0,0.774840235710144,0.4836525321006775,4.8365254402160645,0.0552758760750293,0.029563644900918,0.2956364452838897,0.8295325040817261,0.254418283700943,4.0,3.0,1.5455113649368286,0.3054576218128204,4.0,0.2,0.0,0.1,1.366158847569202
case_192,7.0,3.0,7.0,0.7462843656539917,0.4384343028068542,3.069040060043335,0.029607605189085,0.0209580976516008,0.146706685423851,0.4375550448894501,0.2328013032674789,3.0,3.0,1.6775243282318115,0.2403078526258468,2.0,0.1428571428571428,0.7142857142857143,0.1428571428571428,1.0042424730540764
case_193,7.0,2.0,7.0,0.5608707070350647,0.2910906672477722,2.0376346111297607,0.0583897568285465,0.0340926609933376,0.2386486381292343,0.3777710795402527,0.2406884729862213,4.0,3.0,0.8598148822784424,0.1588756144046783,2.0,0.1428571428571428,0.1428571428571428,0.1428571428571428,1.277034259466139
case_194,13.0,5.0,12.0,0.55428147315979,0.3048064410686493,3.9624836444854736,0.0572395101189613,0.03129318729043,0.4068114161491394,0.6887071132659912,0.2650384306907654,4.0,6.0,1.900589227676392,0.3490591645240783,2.0,0.0769230769230769,0.6923076923076923,0.2307692307692307,1.118968866881627
case_195,12.0,5.0,12.0,0.6840541362762451,0.3667798936367035,4.401358604431152,0.0651270598173141,0.0319502986967563,0.3834035992622375,0.7697871923446655,0.2646328508853912,4.0,4.0,1.5273358821868896,0.3102622628211975,4.0,0.0,0.3333333333333333,0.25,1.3296613488547582
case_196,5.0,4.0,5.0,0.8265264630317688,0.5987073183059692,2.9935364723205566,0.0430716909468174,0.0314743444323539,0.1573717147111892,0.5404943227767944,0.2175986766815185,3.0,3.0,1.9771177768707275,0.3455006182193756,1.0,0.2,0.6,0.0,0.9502705392332348
case_197,9.0,1.0,8.0,0.7463082075119019,0.2760807275772095,2.484726667404175,0.0488076843321323,0.0218740887939929,0.1968667954206466,0.400177925825119,0.1896092444658279,4.0,3.0,1.1368863582611084,0.2151698470115661,3.0,0.1111111111111111,0.3333333333333333,0.1111111111111111,1.310783678099714
case_198,20.0,10.0,18.0,0.7032050490379333,0.390915960073471,7.818319320678711,0.0549258477985858,0.0200306884944438,0.4006137549877167,1.037582516670227,0.2677074372768402,4.0,7.0,3.4322359561920166,0.420086145401001,4.0,0.1,0.3,0.3,1.3350851650920204
case_199,12.0,6.0,12.0,0.8905069231987,0.4116464853286743,4.939757823944092,0.0428884252905845,0.0264411401003599,0.3172936737537384,0.8154860734939575,0.2885478734970093,3.0,7.0,2.3887531757354736,0.3810138702392578,3.0,0.1666666666666666,0.5,0.3333333333333333,0.9596147939120492
case_200,13.0,5.0,13.0,0.6865778565406799,0.3708073198795318,4.820495128631592,0.0595669224858284,0.0271064229309558,0.3523834943771362,0.8061608076095581,0.2430370301008224,4.0,4.0,1.8101086616516116,0.3565537929534912,4.0,0.0769230769230769,0.0769230769230769,0.2307692307692307,1.3516811946858949
case_201,10.0,6.0,10.0,0.6862823963165283,0.469203233718872,4.692032337188721,0.0440921112895011,0.019210085272789,0.19210085272789,0.6261513233184814,0.2296187132596969,3.0,5.0,2.613759756088257,0.3211646974086761,2.0,0.0,0.8,0.1,0.9433483923290392
case_202,11.0,2.0,10.0,0.5509544610977173,0.2715213596820831,2.9867351055145264,0.0477403774857521,0.0217720083892345,0.2394920885562896,0.4118556082248688,0.2650001645088196,4.0,4.0,1.3641064167022705,0.1454716324806213,3.0,0.4545454545454545,0.0909090909090909,0.1818181818181818,1.2636544318820964
case_203,7.0,2.0,6.0,0.842432975769043,0.3809135258197784,2.6663947105407715,0.0467844195663929,0.0234738439321517,0.1643169075250625,0.4556512534618377,0.2062886208295822,4.0,2.0,1.0743615627288818,0.2176518738269806,3.0,0.1428571428571428,0.1428571428571428,0.0,1.351783994289646
case_204,11.0,6.0,9.0,0.9236959218978882,0.5395448803901672,5.934993743896484,0.0420195572078228,0.019370149821043,0.2130716443061828,0.8466309309005737,0.1938463747501373,4.0,4.0,2.5153887271881104,0.3253157436847687,3.0,0.0909090909090909,0.2727272727272727,0.1818181818181818,1.294545165844896
case_205,13.0,5.0,13.0,0.9270261526107788,0.416322112083435,5.412187576293945,0.0527248419821262,0.0254547912627458,0.3309122920036316,0.8809621930122375,0.2637583613395691,4.0,5.0,2.141475200653076,0.3717777132987976,4.0,0.0769230769230769,0.3846153846153846,0.1538461538461538,1.3061066090853948
case_206,11.0,1.0,11.0,0.4841205775737762,0.2799543738365173,3.079498052597046,0.0532258562743663,0.0235453844070434,0.258999228477478,0.4559909701347351,0.2197407931089401,4.0,4.0,1.3105591535568235,0.1672622263431549,3.0,0.2727272727272727,0.0909090909090909,0.0909090909090909,1.294545165844896
case_207,10.0,4.0,10.0,0.7523062825202942,0.3818088173866272,3.8180882930755615,0.0577146410942077,0.0315975174307823,0.3159751892089844,0.6900104284286499,0.3162208795547485,4.0,3.0,1.5056414604187012,0.2742138206958771,4.0,0.0,0.2,0.5,1.3661588475692017
case_208,7.0,3.0,7.0,0.5241448879241943,0.3450440466403961,2.4153082370758057,0.0706924423575401,0.0381081327795982,0.266756922006607,0.4801039695739746,0.2777569890022278,4.0,3.0,0.9154995679855348,0.2055333852767944,2.0,0.1428571428571428,0.4285714285714285,0.4285714285714285,1.277034259466139
case_209,15.0,5.0,15.0,0.4780928790569305,0.3126331865787506,4.689497947692871,0.072305679321289,0.0350001119077205,0.5250017046928406,0.8620136380195618,0.3090062439441681,4.0,7.0,2.371288299560547,0.3891511559486389,4.0,0.2,0.2,0.4666666666666667,1.2454410537617744
case_210,16.0,8.0,15.0,0.8899853229522705,0.4579204022884369,7.32672643661499,0.0585621073842048,0.0260276943445205,0.4164431095123291,1.1817834377288818,0.2120449990034103,4.0,6.0,2.8813843727111816,0.5161994695663452,4.0,0.125,0.375,0.125,1.3050963719483404
case_211,12.0,6.0,12.0,0.7668015956878662,0.4240396916866302,5.088476181030273,0.066894456744194,0.0314399413764476,0.3772793114185333,0.8463212847709656,0.3074119985103607,4.0,4.0,2.662123441696167,0.3821679949760437,4.0,0.1666666666666666,0.0,0.25,1.3579778549873245
case_212,6.0,4.0,6.0,0.7808466553688049,0.5488272309303284,3.29296350479126,0.0427103899419307,0.027078740298748,0.1624724417924881,0.5348418354988098,0.1867004930973053,3.0,3.0,1.6547677516937256,0.2727469205856323,2.0,0.3333333333333333,0.6666666666666666,0.0,1.0114042647073518
case_213,11.0,5.0,11.0,0.7110201120376587,0.3563249111175537,3.919574022293091,0.054571010172367,0.0302288122475147,0.3325169384479522,0.6817328333854675,0.2771667838096618,4.0,5.0,1.9036825895309448,0.3310157656669616,4.0,0.2727272727272727,0.2727272727272727,0.3636363636363636,1.2882523050229002
case_214,4.0,1.0,4.0,0.4613069593906402,0.310751736164093,1.243006944656372,0.0422673560678958,0.0295610167086124,0.1182440668344497,0.2207094728946685,0.2724135816097259,3.0,2.0,0.6923632621765137,0.1200585886836052,1.0,0.0,0.5,0.75,1.039720770839918
case_215,7.0,1.0,7.0,0.6181989908218384,0.3103196024894714,2.1722371578216557,0.0434804111719131,0.0285199377685785,0.1996395587921142,0.3812921941280365,0.2698931694030761,3.0,3.0,1.1321126222610474,0.2093205004930496,2.0,0.1428571428571428,0.7142857142857143,0.4285714285714285,1.0042424730540764
case_216,8.0,1.0,8.0,0.5402991771697998,0.2942799925804138,2.3542399406433105,0.0583399459719657,0.0346159487962722,0.2769275903701782,0.4337833523750305,0.2950392961502075,4.0,3.0,0.7246837615966797,0.1385002136230468,3.0,0.25,0.25,0.375,1.320888343149322
case_217,5.0,0.0,5.0,0.2392592430114746,0.2059927284717559,1.0299636125564575,0.0581506192684173,0.0348918549716472,0.1744592785835266,0.1914797872304916,0.2718463540077209,3.0,2.0,0.4620267450809479,0.09741772711277,2.0,0.6,0.2,0.6,1.0549201679861442
case_218,16.0,2.0,16.0,0.7566403746604919,0.2724011838436126,4.358418941497803,0.0641271844506263,0.0298739485442638,0.4779831767082214,0.7342501878738403,0.290700227022171,4.0,8.0,2.711151123046875,0.4323281049728393,4.0,0.25,0.5,0.3125,1.2130075659799042
case_219,8.0,1.0,7.0,0.5080168843269348,0.2632567882537842,2.106054306030273,0.055764801800251,0.0292298626154661,0.2338389009237289,0.3567225635051727,0.249860018491745,4.0,4.0,0.9114792346954346,0.1455672234296798,2.0,0.25,0.5,0.125,1.2130075659799042
case_220,6.0,2.0,6.0,0.4994761943817138,0.334803432226181,2.0088205337524414,0.0452887937426567,0.028987294062972,0.1739237606525421,0.3389464914798736,0.2904575169086456,4.0,2.0,0.729346513748169,0.1381874680519104,2.0,0.0,0.3333333333333333,0.5,1.3296613488547582
case_221,10.0,2.0,10.0,0.554636538028717,0.2694569528102875,2.6945695877075195,0.0737672075629234,0.0401128940284252,0.4011289477348327,0.5555175542831421,0.2734929025173187,4.0,4.0,1.4608935117721558,0.3225536346435547,3.0,0.2,0.4,0.3,1.2798542258336676
case_222,11.0,1.0,11.0,0.4358991980552673,0.2942160367965698,3.2363762855529785,0.0642435699701309,0.0364419184625148,0.4008611142635345,0.6069391369819641,0.3304589092731476,4.0,4.0,1.0161960124969482,0.1812633574008941,4.0,0.0909090909090909,0.2727272727272727,0.4545454545454545,1.3421131789144003
case_223,11.0,1.0,11.0,0.4361642003059387,0.247487410902977,2.7223615646362305,0.0621269568800926,0.0351247899234294,0.3863726854324341,0.5161570906639099,0.319207102060318,4.0,4.0,1.1854230165481567,0.2205929458141327,4.0,0.0909090909090909,0.2727272727272727,0.5454545454545454,1.3421131789144003
case_224,6.0,2.0,6.0,0.6121843457221985,0.3247819244861603,1.9486916065216064,0.0476403832435607,0.0267199035733938,0.1603194177150726,0.3392636179924011,0.2939256429672241,4.0,3.0,0.9553715586662292,0.1755025833845138,1.0,0.3333333333333333,0.3333333333333333,0.6666666666666666,1.242453324894
case_225,10.0,2.0,9.0,0.4793637096881866,0.2969968318939209,2.969968318939209,0.0531927533447742,0.0272968597710132,0.272968590259552,0.4645987153053283,0.2245631366968155,3.0,5.0,1.5120512247085571,0.2285809218883514,3.0,0.0,0.6,0.2,1.0296530140645737
case_226,7.0,2.0,7.0,0.5682178735733032,0.2942996621131897,2.0600976943969727,0.0717227980494499,0.0387139096856117,0.2709973752498626,0.4388432800769806,0.2631909549236297,3.0,3.0,1.0518906116485596,0.2310990840196609,2.0,0.1428571428571428,0.7142857142857143,0.4285714285714285,1.0042424730540764
case_227,12.0,0.0,12.0,0.3611018061637878,0.240648403763771,2.887780904769897,0.0640541538596153,0.0308446418493986,0.3701356947422027,0.5007410645484924,0.2598956227302551,4.0,5.0,1.3584531545639038,0.2436544895172119,3.0,0.0,0.5,0.25,1.236684869140504
case_228,7.0,2.0,7.0,0.7394354939460754,0.3510149121284485,2.457104444503784,0.0474670380353927,0.0312485452741384,0.2187398225069046,0.4233311116695404,0.2785272896289825,4.0,3.0,1.1368331909179688,0.2048328667879104,2.0,0.1428571428571428,0.4285714285714285,0.2857142857142857,1.277034259466139
case_229,10.0,1.0,9.0,0.5294541716575623,0.3146464824676513,3.1464648246765137,0.0552318766713142,0.0332396849989891,0.3323968350887298,0.5670372247695923,0.3221376836299896,4.0,3.0,1.105496525764465,0.2303787916898727,4.0,0.0,0.2,0.6,1.3661588475692017
case_230,12.0,0.0,12.0,0.3907228112220764,0.268559068441391,3.2227087020874023,0.0677332878112793,0.0342829711735248,0.4113956689834595,0.5918801426887512,0.3142058551311493,4.0,4.0,1.1876016855239868,0.2177364826202392,4.0,0.0,0.3333333333333333,0.5,1.3296613488547582
case_231,8.0,1.0,8.0,0.4633975625038147,0.2982295751571655,2.385836601257324,0.0616792254149913,0.0392396599054336,0.3139172792434692,0.4666944444179535,0.2791598737239837,3.0,3.0,1.0034685134887695,0.194481760263443,3.0,0.25,0.5,0.375,1.0821955300387671
case_232,3.0,0.0,3.0,0.3333044052124023,0.2642890214920044,0.7928670644760132,0.0555153675377368,0.0415246449410915,0.1245739385485649,0.1639087200164795,0.3651919364929199,3.0,1.0,0.3333044052124023,0.0785321816802024,0.0,0.3333333333333333,0.3333333333333333,1.0,1.0986122886681096
case_233,6.0,1.0,6.0,0.5053415298461914,0.2973584234714508,1.7841506004333496,0.0538361519575119,0.0359495468437671,0.2156972885131836,0.3486815989017486,0.2689374089241028,3.0,3.0,0.99429190158844,0.1862326711416244,2.0,0.6666666666666666,0.3333333333333333,0.6666666666666666,1.0114042647073516
case_234,7.0,2.0,7.0,0.8186891078948975,0.3404366374015808,2.383056402206421,0.0560048408806324,0.0350119657814502,0.2450837641954422,0.445557177066803,0.3145211637020111,3.0,3.0,1.383780837059021,0.2506918013095855,2.0,0.1428571428571428,0.7142857142857143,0.5714285714285714,1.0042424730540764
case_235,7.0,3.0,7.0,0.7382822632789612,0.3974347710609436,2.78204345703125,0.0594021677970886,0.0261043924838304,0.1827307492494583,0.46909961104393,0.2017614692449569,3.0,3.0,1.3309775590896606,0.2207732796669006,2.0,0.1428571428571428,0.7142857142857143,0.0,1.0042424730540764
case_236,5.0,2.0,5.0,0.5693331360816956,0.3332043290138244,1.6660215854644775,0.0440881624817848,0.0272439867258071,0.1362199336290359,0.289265364408493,0.2732225060462951,4.0,2.0,0.5693331360816956,0.1195439100265502,1.0,0.2,0.2,0.6,1.3321790402101223
case_237,10.0,3.0,10.0,0.7554522156715393,0.3464580178260803,3.4645800590515137,0.0474840253591537,0.0254844781011343,0.2548447847366333,0.5490195751190186,0.2609959244728088,4.0,4.0,1.2725712060928345,0.1981434375047683,3.0,0.0,0.2,0.4,1.2798542258336674
case_238,7.0,0.0,7.0,0.3292558491230011,0.2770039439201355,1.939027547836304,0.0398170053958892,0.0283338110893964,0.1983366757631302,0.3233916163444519,0.2602456510066986,4.0,2.0,0.6453890800476074,0.1106265634298324,3.0,0.1428571428571428,0.1428571428571428,0.1428571428571428,1.351783994289646
case_239,11.0,3.0,11.0,0.5883787870407104,0.3312208354473114,3.6434290409088135,0.0529312789440155,0.0320398584008216,0.3524384498596191,0.6342449188232422,0.317763477563858,4.0,6.0,2.3288609981536865,0.3798577785491943,2.0,0.2727272727272727,0.6363636363636364,0.5454545454545454,1.1209503926735835
case_240,8.0,1.0,8.0,0.426591694355011,0.249884232878685,1.99907386302948,0.05772615224123,0.0311958156526088,0.2495665252208709,0.3505162000656128,0.3169182240962982,4.0,3.0,0.8427550792694092,0.1446717232465744,3.0,0.25,0.25,0.5,1.320888343149322
case_241,9.0,0.0,9.0,0.3819788992404938,0.2683775722980499,2.415398120880127,0.0451265797019004,0.0328754484653472,0.2958790361881256,0.4330244958400726,0.2956595122814178,4.0,3.0,0.9571081399917604,0.1716876775026321,4.0,0.1111111111111111,0.1111111111111111,0.5555555555555556,1.3689223607402194
case_242,8.0,1.0,8.0,0.4366227388381958,0.2880138158798218,2.304110527038574,0.0640740022063255,0.0402884557843208,0.3223076462745666,0.4596020877361297,0.3611734807491302,3.0,4.0,0.7848951816558838,0.1584632694721222,3.0,0.0,0.5,0.875,1.039720770839918
case_243,8.0,1.0,8.0,0.6026886105537415,0.2853346467018127,2.282677173614502,0.0444578677415847,0.0270027909427881,0.216022327542305,0.3634712100028991,0.2611710429191589,4.0,4.0,1.115868091583252,0.1654619872570037,2.0,0.5,0.25,0.125,1.2130075659799042
case_244,9.0,1.0,9.0,0.4763572216033935,0.3036781549453735,2.733103513717652,0.0607752166688442,0.0337856486439704,0.3040708303451538,0.5084754228591919,0.2917447686195373,4.0,3.0,0.9064313173294068,0.1886826604604721,3.0,0.1111111111111111,0.1111111111111111,0.3333333333333333,1.310783678099714
case_245,4.0,0.0,4.0,0.3442833721637726,0.2223060131072998,0.8892240524291992,0.0647943466901779,0.0370041467249393,0.1480165868997573,0.1783393770456314,0.2540585100650787,3.0,2.0,0.503109872341156,0.10877176374197,1.0,0.5,0.5,0.5,1.039720770839918
case_246,11.0,3.0,11.0,0.5553374886512756,0.3094734251499176,3.404207706451416,0.0528078973293304,0.0281637422740459,0.3098011612892151,0.5614767074584961,0.2766403555870056,4.0,3.0,1.2158100605010986,0.1785290837287902,4.0,0.0909090909090909,0.0909090909090909,0.1818181818181818,1.3730039128771998
case_247,12.0,1.0,12.0,0.4909223318099975,0.2686650156974792,3.223980188369751,0.0615317933261394,0.02842185087502,0.3410622179508209,0.5141620635986328,0.2933808863162994,4.0,7.0,1.9297614097595213,0.2815819382667541,2.0,0.3333333333333333,0.6666666666666666,0.5,1.0751393240053737
case_248,9.0,3.0,9.0,0.4846279323101043,0.3329218327999115,2.9962964057922363,0.0683682933449745,0.0382611975073814,0.3443507850170135,0.5967515707015991,0.3131959438323974,4.0,4.0,1.3907605409622192,0.2802073657512665,2.0,0.1111111111111111,0.5555555555555556,0.6666666666666666,1.2148896539491203
case_249,8.0,1.0,8.0,0.5065227746963501,0.2817817330360412,2.25425386428833,0.0583854503929615,0.0355226062238216,0.2841808497905731,0.4187438189983368,0.2853556871414184,4.0,3.0,0.8447701930999756,0.169348657131195,3.0,0.25,0.25,0.375,1.320888343149322
case_250,5.0,2.0,5.0,0.7109769582748413,0.3719282746315002,1.859641432762146,0.0521099828183651,0.0345560833811759,0.1727804243564605,0.3751814365386963,0.2690772414207458,4.0,2.0,0.8649536371231079,0.1867911368608474,1.0,0.2,0.2,0.4,1.3321790402101223
case_251,9.0,3.0,9.0,0.5842110514640808,0.3570801019668579,3.2137210369110107,0.0628495961427688,0.0362944044172763,0.3266496360301971,0.6195787191390991,0.277223527431488,3.0,3.0,1.282363772392273,0.2656565308570862,3.0,0.3333333333333333,0.3333333333333333,0.4444444444444444,1.0986122886681096
case_252,4.0,2.0,4.0,0.7210675477981567,0.4730162620544433,1.8920650482177732,0.0381390526890754,0.0304277520626783,0.1217110082507133,0.3291077017784118,0.2050133943557739,3.0,2.0,1.0881116390228271,0.1768200397491455,1.0,0.5,0.5,0.0,1.039720770839918
case_253,6.0,2.0,6.0,0.6156816482543945,0.3475352227687835,2.0852112770080566,0.0425501465797424,0.0222901348024606,0.1337408125400543,0.2885712087154388,0.2185452580451965,3.0,2.0,0.89217609167099,0.1147180497646331,3.0,0.3333333333333333,0.3333333333333333,0.3333333333333333,1.0986122886681096
case_254,14.0,4.0,14.0,0.7658629417419434,0.3476355671882629,4.866898059844971,0.0656498298048973,0.0281001739203929,0.3934024274349212,0.7939251661300659,0.3297624886035919,4.0,6.0,2.1234402656555176,0.3752440214157104,4.0,0.1428571428571428,0.2857142857142857,0.5,1.30130555043691
case_255,7.0,3.0,7.0,0.8866002559661865,0.3851097524166107,2.695768356323242,0.0641468241810798,0.0332818403840065,0.2329728901386261,0.4873490929603576,0.3137421607971191,4.0,3.0,1.4216711521148682,0.281621515750885,2.0,0.1428571428571428,0.4285714285714285,0.2857142857142857,1.277034259466139
case_256,10.0,1.0,8.0,0.6772889494895935,0.2947229743003845,2.9472298622131348,0.0601530224084854,0.0292272381484508,0.2922723889350891,0.4804695844650268,0.2804383635520935,4.0,4.0,1.0804134607315063,0.1781564205884933,3.0,0.0,0.4,0.4,1.2798542258336676
case_257,4.0,0.0,4.0,0.3760382235050201,0.2703739404678345,1.081495761871338,0.0625102669000625,0.037033524364233,0.148134097456932,0.2087658941745758,0.2839567363262176,2.0,3.0,0.7054574489593506,0.1447772234678268,1.0,0.5,1.0,0.5,0.5623351446188083
case_258,8.0,2.0,7.0,0.7361302375793457,0.3116210699081421,2.4929685592651367,0.0647542029619216,0.02836843021214,0.2269474416971206,0.4450433850288391,0.246450737118721,4.0,3.0,0.9590861797332764,0.1711905598640442,3.0,0.25,0.0,0.0,1.320888343149322
case_259,8.0,4.0,8.0,0.4605320990085602,0.3409127593040466,2.727302074432373,0.0626536086201667,0.0347817614674568,0.2782540917396545,0.5052297711372375,0.3035265207290649,4.0,2.0,0.8883517980575562,0.1539505273103714,4.0,0.0,0.0,0.5,1.3862943611198906
case_260,11.0,4.0,11.0,0.6178284883499146,0.365679532289505,4.022474765777588,0.0637011528015136,0.0298529863357543,0.3283828496932983,0.704352617263794,0.2687333822250366,4.0,5.0,1.9477750062942505,0.3320044577121734,3.0,0.2727272727272727,0.4545454545454545,0.2727272727272727,1.240684291953396
case_261,9.0,1.0,9.0,0.6884356737136841,0.3023382723331451,2.721044540405273,0.0617533065378665,0.029503958299756,0.2655356228351593,0.4671114683151245,0.274232417345047,4.0,4.0,1.161872625350952,0.2040860056877136,3.0,0.3333333333333333,0.3333333333333333,0.2222222222222222,1.2730283365896256
case_262,6.0,2.0,6.0,0.5282370448112488,0.3111681044101715,1.8670086860656736,0.0596752725541591,0.0404777191579341,0.2428663223981857,0.370915949344635,0.3005836308002472,3.0,3.0,1.0329108238220217,0.199797511100769,2.0,0.3333333333333333,0.6666666666666666,0.5,1.0114042647073518
case_263,11.0,1.0,10.0,0.5073859095573425,0.2672781348228454,2.9400594234466557,0.0531586818397045,0.0294703412801027,0.3241737484931946,0.5198173522949219,0.2932919263839721,4.0,6.0,1.293941855430603,0.2053118348121643,3.0,0.2727272727272727,0.4545454545454545,0.5454545454545454,1.1685184057430875
case_264,7.0,1.0,7.0,0.8572198748588562,0.3093307614326477,2.1653153896331787,0.0624631270766258,0.0411960184574127,0.288372129201889,0.4601565897464752,0.3029931783676147,4.0,3.0,0.8572198748588562,0.1963113844394683,2.0,0.1428571428571428,0.1428571428571428,0.2857142857142857,1.277034259466139
case_265,12.0,1.0,12.0,0.7076860666275024,0.2499099969863891,2.99891996383667,0.0544424057006835,0.0352423973381519,0.4229087829589844,0.5676161646842957,0.3272230923175812,4.0,4.0,1.061235785484314,0.2196211069822311,4.0,0.1666666666666666,0.1666666666666666,0.4166666666666667,1.3579778549873245
case_266,8.0,2.0,8.0,0.8836714029312134,0.3785819411277771,3.028655529022217,0.055880069732666,0.0320457443594932,0.256365954875946,0.5911892056465149,0.2358390837907791,3.0,5.0,1.6529282331466677,0.3243464827537536,2.0,0.5,0.75,0.125,0.9002560512685369
case_267,6.0,1.0,6.0,0.56118243932724,0.2947479784488678,1.768487811088562,0.0612584464251995,0.0375742949545383,0.2254457771778106,0.3316410183906555,0.2822668552398681,4.0,2.0,0.56118243932724,0.1217120364308357,2.0,0.0,0.3333333333333333,0.3333333333333333,1.3296613488547582
case_268,8.0,2.0,8.0,0.5816134810447693,0.2889443337917328,2.3115546703338623,0.0733794197440147,0.0364116877317428,0.2912935018539428,0.4344661235809326,0.2673585116863251,3.0,3.0,1.245814561843872,0.2184709906578064,3.0,0.25,0.5,0.375,1.0821955300387671
case_269,9.0,4.0,9.0,0.5673373937606812,0.3311289548873901,2.9801604747772217,0.0490866973996162,0.0276164915412664,0.2485484182834625,0.4838817715644836,0.2462181150913238,4.0,4.0,1.0148245096206665,0.1900223791599273,2.0,0.1111111111111111,0.5555555555555556,0.3333333333333333,1.2148896539491203
case_270,5.0,2.0,5.0,0.6013886332511902,0.3673295080661773,1.8366475105285645,0.0571832321584224,0.0286486651748418,0.1432433277368545,0.3051508963108063,0.2327154278755188,4.0,2.0,1.0093731880187988,0.1811234354972839,1.0,0.2,0.2,0.0,1.3321790402101223
case_271,12.0,4.0,12.0,0.5810876488685608,0.3316592872142792,3.979911327362061,0.0574594773352146,0.0331266820430755,0.3975201845169067,0.7162502408027649,0.3162381052970886,4.0,3.0,1.0920085906982422,0.210369735956192,4.0,0.0,0.0,0.5833333333333334,1.3862943611198906
case_272,9.0,2.0,9.0,0.6338977217674255,0.3469405174255371,3.122464656829834,0.0649935752153396,0.0324541851878166,0.2920876741409302,0.5465227961540222,0.3131528496742248,3.0,4.0,1.433669924736023,0.2516199946403503,3.0,0.1111111111111111,0.5555555555555556,0.5555555555555556,1.0608569471580214
case_273,11.0,1.0,11.0,0.4487440586090088,0.256380170583725,2.8201818466186523,0.0657776147127151,0.0290325116366148,0.3193576335906982,0.4527378380298614,0.2373882830142974,3.0,6.0,1.6767083406448364,0.2618430852890014,2.0,0.0909090909090909,0.8181818181818182,0.2727272727272727,0.9164648855394713
case_274,4.0,0.0,4.0,0.3777390420436859,0.3021242618560791,1.2084970474243164,0.0556231997907161,0.0366461277008056,0.1465845108032226,0.2352745831012725,0.259903222322464,3.0,2.0,0.5231764316558838,0.1051542609930038,1.0,0.5,0.5,0.25,1.039720770839918
case_275,11.0,5.0,10.0,0.7818295955657959,0.4492409825325012,4.941650867462158,0.0583301186561584,0.0238416362553834,0.2622579932212829,0.7447198033332825,0.2467242926359176,4.0,4.0,1.5358734130859375,0.25257408618927,4.0,0.2727272727272727,0.0909090909090909,0.2727272727272727,1.3421131789144003
case_276,9.0,3.0,8.0,0.6825141906738281,0.3680416047573089,3.312374353408813,0.0490956380963325,0.0274916216731071,0.2474245876073837,0.5377625823020935,0.2383659332990646,4.0,4.0,1.572624921798706,0.2669110596179962,3.0,0.1111111111111111,0.3333333333333333,0.2222222222222222,1.2730283365896256
case_277,8.0,3.0,8.0,0.7459384202957153,0.347464382648468,2.779715061187744,0.066511645913124,0.0375122651457786,0.3000981211662292,0.5235745310783386,0.2879827916622162,3.0,5.0,1.6383286714553833,0.307908147573471,2.0,0.25,0.75,0.5,0.9002560512685369
case_278,11.0,4.0,11.0,0.7203373312950134,0.3616165220737457,3.977781772613525,0.0497612319886684,0.0268310438841581,0.2951414883136749,0.6375204920768738,0.2673611342906952,4.0,4.0,1.3165316581726074,0.1927954852581024,4.0,0.0909090909090909,0.2727272727272727,0.2727272727272727,1.3421131789144003
case_279,8.0,1.0,8.0,0.6848604083061218,0.3129009306430816,2.5032074451446533,0.0709113627672195,0.0395865514874458,0.3166924118995666,0.5174424648284912,0.2858764231204986,4.0,4.0,1.438520908355713,0.2951599061489105,2.0,0.25,0.5,0.375,1.2130075659799042
case_280,5.0,1.0,5.0,0.5056519508361816,0.256156325340271,1.280781626701355,0.0297978147864341,0.0227224789559841,0.1136123910546302,0.188930481672287,0.1982729583978653,3.0,3.0,0.5769588351249695,0.0846312940120697,1.0,0.6,0.2,0.2,0.9502705392332348
case_281,8.0,0.0,8.0,0.396793931722641,0.2733978033065796,2.1871824264526367,0.0452421382069587,0.0286155864596366,0.2289246916770935,0.3651886880397796,0.2613716423511505,4.0,3.0,0.6832498908042908,0.1100886613130569,3.0,0.25,0.25,0.25,1.320888343149322
case_282,8.0,1.0,8.0,0.5266934633255005,0.2770575881004333,2.216460704803467,0.0380812101066112,0.0208504535257816,0.166803628206253,0.3319229483604431,0.2015064358711242,2.0,5.0,1.4759674072265625,0.2167201936244964,2.0,0.25,1.0,0.0,0.6615632381579821
case_283,5.0,2.0,5.0,0.6335967183113098,0.3818662762641907,1.9093313217163088,0.0541517212986946,0.0332801528275013,0.1664007604122162,0.3391327857971191,0.2859731316566467,4.0,2.0,0.9091876149177552,0.1709363758563995,1.0,0.2,0.2,0.4,1.3321790402101223
case_284,4.0,3.0,4.0,0.8671204447746277,0.6043010950088501,2.4172043800354004,0.0485334768891334,0.0379046350717544,0.1516185402870178,0.491726815700531,0.3131657540798187,4.0,1.0,0.8671204447746277,0.1910293698310852,0.0,0.0,0.0,1.0,1.3862943611198906
case_285,7.0,1.0,7.0,0.4583368897438049,0.3326635360717773,2.3286447525024414,0.043523121625185,0.0298553872853517,0.2089877128601074,0.380596786737442,0.2349250316619873,4.0,4.0,1.2928791046142578,0.2182977497577667,1.0,0.4285714285714285,0.4285714285714285,0.1428571428571428,1.15374194270109
case_286,8.0,1.0,8.0,0.4163466393947601,0.2526466846466064,2.021173477172852,0.0484048686921596,0.031955037266016,0.255640298128128,0.3589388430118561,0.2712937295436859,4.0,4.0,0.9837418794631958,0.1668643653392791,2.0,0.5,0.25,0.375,1.2130075659799042
case_287,9.0,2.0,9.0,0.6194937229156494,0.3158793449401855,2.84291410446167,0.0525439977645874,0.0252449456602334,0.2272045165300369,0.467577189207077,0.2690617442131042,3.0,4.0,1.2146337032318115,0.164030060172081,3.0,0.3333333333333333,0.1111111111111111,0.3333333333333333,1.0608569471580214
